time,revenue,auctions,impressions
00:00:00,0.0523695528,168.4,60.0
00:01:00,0.0418814494,138.6,41.4
00:02:00,0.029978819,126.6,38.6
00:03:00,0.0273122796,121.6,34.8
00:04:00,0.0584450726,153.6,54.2
00:05:00,0.0358078132,128.4,38.2
00:06:00,0.040684464200000006,136.0,48.8
00:07:00,0.030016935,127.4,39.6
00:08:00,0.0402374604,148.2,47.6
00:09:00,0.042193914799999996,144.6,53.0
00:10:00,0.0265676974,129.2,39.4
00:11:00,0.0339435634,116.8,40.4
00:12:00,0.021829940200000002,109.4,33.4
00:13:00,0.0207937474,108.8,32.0
00:14:00,0.0189876156,104.2,29.6
00:15:00,0.025664620800000003,83.2,25.8
00:16:00,0.031302638199999996,125.2,41.6
00:17:00,0.0283843986,132.0,36.2
00:18:00,0.030146168600000002,121.2,37.0
00:19:00,0.019640881199999998,83.6,24.8
00:20:00,0.027608794599999997,92.6,29.4
00:21:00,0.0249958906,112.4,35.8
00:22:00,0.023379290599999998,111.8,36.2
00:23:00,0.018844287199999997,107.0,24.4
00:24:00,0.022088527599999998,115.0,31.8
00:25:00,0.0294421588,126.6,37.8
00:26:00,0.0386435186,130.4,44.2
00:27:00,0.0304756342,120.6,35.8
00:28:00,0.024589629,112.2,30.2
00:29:00,0.0247978448,97.0,29.2
00:30:00,0.0268629088,121.4,42.4
00:31:00,0.022877533,95.4,29.0
00:32:00,0.0244057804,93.2,23.6
00:33:00,0.0211442076,101.4,32.4
00:34:00,0.023792928600000002,126.2,37.6
00:35:00,0.0257013926,132.6,33.4
00:36:00,0.0239313672,94.4,26.2
00:37:00,0.0248359894,104.0,36.2
00:38:00,0.0267257844,108.4,34.4
00:39:00,0.0266347986,117.2,31.0
00:40:00,0.0206178932,103.0,26.8
00:41:00,0.021007684800000002,93.4,27.4
00:42:00,0.0202010912,81.8,25.6
00:43:00,0.0191008712,111.0,26.2
00:44:00,0.0262674032,107.8,33.2
00:45:00,0.0208843316,82.0,23.0
00:46:00,0.024620853199999997,74.8,27.2
00:47:00,0.027126023399999998,120.4,34.4
00:48:00,0.038222279399999996,105.6,34.4
00:49:00,0.0405667232,103.4,40.4
00:50:00,0.0274054251,121.4,36.0
00:51:00,0.027528632200000003,127.0,36.4
00:52:00,0.020231799,104.0,31.8
00:53:00,0.015002054800000001,67.0,18.8
00:54:00,0.014160837,85.0,21.8
00:55:00,0.0202433037,78.6,21.8
00:56:00,0.023713856,106.4,34.0
00:57:00,0.0218419638,83.6,27.6
00:58:00,0.02074810526,74.6,27.6
00:59:00,0.016963320400000002,77.4,18.4
01:00:00,0.032638332400000004,78.0,28.2
01:01:00,0.023454604799999997,87.0,26.4
01:02:00,0.031156542600000003,98.8,27.0
01:03:00,0.0221889022,82.0,24.0
01:04:00,0.0230561028,97.0,27.8
01:05:00,0.0350914894,113.0,34.4
01:06:00,0.0370049348,104.4,41.4
01:07:00,0.0319840283,90.0,31.2
01:08:00,0.029848347200000003,89.4,34.4
01:09:00,0.03838230820000001,103.0,37.2
01:10:00,0.026615296599999998,82.2,27.2
01:11:00,0.02938550134,88.6,31.2
01:12:00,0.022467717199999997,82.2,24.0
01:13:00,0.0226327976,93.6,29.4
01:14:00,0.0191430202,79.2,22.6
01:15:00,0.0210805828,86.8,24.2
01:16:00,0.0190585954,65.4,21.8
01:17:00,0.022460517,82.0,32.2
01:18:00,0.0173033105,80.8,21.4
01:19:00,0.023743305,79.4,27.8
01:20:00,0.0363034074,99.4,33.0
01:21:00,0.0274593486,94.4,30.4
01:22:00,0.024012303,101.2,30.6
01:23:00,0.0235726944,99.2,33.6
01:24:00,0.030124720800000004,87.8,30.0
01:25:00,0.0324829772,98.8,28.0
01:26:00,0.017210044600000002,76.0,20.6
01:27:00,0.0190439853,72.0,20.8
01:28:00,0.0205733651,69.2,22.6
01:29:00,0.0182807562,79.0,20.0
01:30:00,0.032525888999999995,85.8,29.8
01:31:00,0.028791803800000005,80.8,24.0
01:32:00,0.024481672599999997,88.6,30.8
01:33:00,0.024799907,85.2,25.6
01:34:00,0.025308348199999997,96.0,28.2
01:35:00,0.0208148826,80.0,24.2
01:36:00,0.013123764199999999,68.6,19.4
01:37:00,0.0201639514,67.6,20.2
01:38:00,0.022027718600000003,98.2,26.8
01:39:00,0.0212444942,92.0,28.0
01:40:00,0.027319197400000002,104.0,32.6
01:41:00,0.0238909446,93.4,28.4
01:42:00,0.031985283399999995,103.4,33.6
01:43:00,0.0224356847,101.8,28.0
01:44:00,0.020709671000000002,80.2,26.8
01:45:00,0.026521167000000002,98.8,28.6
01:46:00,0.021041984899999998,94.6,24.2
01:47:00,0.0226249938,79.2,23.4
01:48:00,0.0268406182,91.4,29.6
01:49:00,0.034194704799999996,117.4,35.6
01:50:00,0.019911954200000002,97.4,24.6
01:51:00,0.026438120600000004,97.4,28.6
01:52:00,0.0220700666,79.4,25.0
01:53:00,0.0163953996,83.2,20.4
01:54:00,0.0135456718,61.2,16.0
01:55:00,0.0173799028,87.4,20.0
01:56:00,0.0208126376,74.2,23.0
01:57:00,0.0218078247,80.0,25.8
01:58:00,0.0325054662,93.2,28.8
01:59:00,0.0250184424,91.4,25.2
02:00:00,0.0224215654,76.2,22.6
02:01:00,0.0214475018,55.0,17.6
02:02:00,0.012692960100000001,65.6,16.6
02:03:00,0.0216398916,71.8,22.2
02:04:00,0.0269236386,87.8,22.8
02:05:00,0.035113259800000005,101.4,31.8
02:06:00,0.021195788400000002,80.0,23.4
02:07:00,0.021076916600000002,80.8,22.4
02:08:00,0.028974434639999998,97.2,27.4
02:09:00,0.0364419068,95.2,27.4
02:10:00,0.030312004800000004,94.4,29.8
02:11:00,0.022420876599999997,96.4,23.6
02:12:00,0.0313792448,112.0,29.8
02:13:00,0.0358026362,124.6,40.4
02:14:00,0.0349889988,114.0,35.8
02:15:00,0.0247709352,99.4,28.4
02:16:00,0.03526111480000001,115.6,34.2
02:17:00,0.0254570812,92.6,33.2
02:18:00,0.019742380599999998,69.4,20.2
02:19:00,0.022041811200000004,75.8,26.2
02:20:00,0.027595431400000002,94.8,30.0
02:21:00,0.033220875999999996,113.8,32.4
02:22:00,0.0375127382,117.8,36.4
02:23:00,0.0308589,110.0,34.8
02:24:00,0.022875905999999998,102.4,27.8
02:25:00,0.025478795079999998,87.0,23.0
02:26:00,0.032564679,115.4,32.0
02:27:00,0.0225057824,110.2,28.6
02:28:00,0.024777995599999998,97.8,33.4
02:29:00,0.0237940898,111.2,31.6
02:30:00,0.035545770600000005,119.2,35.4
02:31:00,0.026533985599999997,121.6,31.4
02:32:00,0.032931432,110.8,36.0
02:33:00,0.029207142400000004,122.0,31.0
02:34:00,0.02340969,106.8,28.0
02:35:00,0.0181494265,94.4,23.2
02:36:00,0.023989710799999998,94.0,27.0
02:37:00,0.0171600008,78.0,20.8
02:38:00,0.0209003534,94.6,21.8
02:39:00,0.02264061572,105.8,29.2
02:40:00,0.0162797157,78.8,20.2
02:41:00,0.0198502051,91.6,23.4
02:42:00,0.023609964739999996,91.0,27.0
02:43:00,0.027505304199999997,100.4,28.8
02:44:00,0.0257753568,100.0,27.4
02:45:00,0.023045606200000002,99.4,29.2
02:46:00,0.0259899818,96.8,28.8
02:47:00,0.026487655399999997,117.6,32.0
02:48:00,0.020947407600000002,126.2,29.2
02:49:00,0.028504746199999997,139.0,32.4
02:50:00,0.0242939066,127.8,33.2
02:51:00,0.0321526568,140.4,41.6
02:52:00,0.0390911372,153.0,39.8
02:53:00,0.0244712254,121.0,33.0
02:54:00,0.021717328200000004,113.2,29.2
02:55:00,0.0237972582,128.2,31.2
02:56:00,0.0258004436,128.8,27.4
02:57:00,0.030365464400000004,129.2,32.8
02:58:00,0.0256649968,127.4,32.0
02:59:00,0.027821313000000004,137.0,38.2
03:00:00,0.031442383399999996,137.6,42.4
03:01:00,0.027917697399999997,141.4,36.8
03:02:00,0.032014592,144.0,38.2
03:03:00,0.045327491600000006,142.0,45.4
03:04:00,0.036149293,159.2,42.4
03:05:00,0.037336275200000005,151.0,41.4
03:06:00,0.0291350002,146.0,40.6
03:07:00,0.037415751,152.6,39.6
03:08:00,0.0314460194,147.0,46.2
03:09:00,0.026701796,156.2,37.6
03:10:00,0.0320880224,159.2,42.6
03:11:00,0.029064804,163.6,38.2
03:12:00,0.0259110834,167.6,39.0
03:13:00,0.032718706599999994,154.6,38.6
03:14:00,0.0315322464,147.4,42.0
03:15:00,0.036104465200000005,163.2,36.0
03:16:00,0.03398868,191.4,40.0
03:17:00,0.0298769798,170.6,39.2
03:18:00,0.0377438294,158.6,39.6
03:19:00,0.0454700016,175.6,42.2
03:20:00,0.034145442799999995,190.6,42.2
03:21:00,0.029057971199999998,190.0,40.2
03:22:00,0.0346839088,172.2,51.0
03:23:00,0.031683744599999994,173.6,42.2
03:24:00,0.027903556399999994,139.8,37.6
03:25:00,0.029926419499999996,173.0,43.0
03:26:00,0.02752959,177.6,43.0
03:27:00,0.047169090399999995,179.4,46.0
03:28:00,0.04982354239999999,187.2,50.4
03:29:00,0.0425524194,176.6,45.4
03:30:00,0.033821211000000004,187.6,51.6
03:31:00,0.0400037018,208.4,52.6
03:32:00,0.0423672774,199.4,41.0
03:33:00,0.027171599400000003,159.2,35.8
03:34:00,0.026696708999999996,187.8,40.4
03:35:00,0.040534307000000006,179.2,46.2
03:36:00,0.0388053324,198.8,52.2
03:37:00,0.042453814199999995,188.8,52.6
03:38:00,0.048374623199999994,232.2,64.8
03:39:00,0.046745729,210.4,54.6
03:40:00,0.0496585504,220.6,56.0
03:41:00,0.048804119199999996,207.6,47.0
03:42:00,0.0396839878,217.4,49.2
03:43:00,0.0436602382,228.4,50.8
03:44:00,0.0538404938,207.4,48.2
03:45:00,0.046026631199999994,222.8,56.0
03:46:00,0.047961569999999995,225.4,53.6
03:47:00,0.0550127104,267.6,65.4
03:48:00,0.0442024034,247.6,59.6
03:49:00,0.05212406359999999,244.0,63.8
03:50:00,0.0449790264,261.8,64.0
03:51:00,0.06010730580000001,257.4,62.6
03:52:00,0.0524890238,224.8,59.4
03:53:00,0.050628610399999996,206.0,50.8
03:54:00,0.0508763176,253.2,67.2
03:55:00,0.0449440148,251.6,69.6
03:56:00,0.040151067,233.2,50.2
03:57:00,0.050028471399999996,234.0,57.8
03:58:00,0.04620070080000001,275.2,61.8
03:59:00,0.04728810979999999,281.6,56.2
04:00:00,0.0765023852,244.2,58.0
04:01:00,0.06722286499999999,279.8,66.8
04:02:00,0.0481020498,227.8,53.6
04:03:00,0.0649626164,274.8,61.8
04:04:00,0.0727923496,310.6,71.4
04:05:00,0.0740234258,326.0,73.2
04:06:00,0.0696868054,276.8,64.8
04:07:00,0.058896278,304.8,69.0
04:08:00,0.078562925,338.8,84.4
04:09:00,0.0797055804,395.8,87.0
04:10:00,0.0872206194,380.2,86.6
04:11:00,0.0746286904,339.2,81.2
04:12:00,0.07172355720000001,361.2,82.2
04:13:00,0.0751458612,394.4,90.4
04:14:00,0.08461795320000001,407.4,101.2
04:15:00,0.0891107538,433.4,103.8
04:16:00,0.0742956252,377.2,91.6
04:17:00,0.0784629754,421.2,99.6
04:18:00,0.071590791,356.4,92.6
04:19:00,0.0879325844,371.6,90.2
04:20:00,0.09432583799999998,446.2,97.8
04:21:00,0.0746828794,411.0,93.0
04:22:00,0.0830190816,349.6,98.0
04:23:00,0.10278194200000002,439.2,113.8
04:24:00,0.0970114132,451.6,106.6
04:25:00,0.09522596,449.0,99.6
04:26:00,0.0914243248,439.2,117.2
04:27:00,0.098480808,470.6,111.8
04:28:00,0.0974698422,445.8,107.6
04:29:00,0.09712901799999998,475.8,111.2
04:30:00,0.101301079,450.6,109.0
04:31:00,0.0985807192,450.0,111.6
04:32:00,0.11571675480000002,496.2,131.4
04:33:00,0.1258986738,505.4,127.2
04:34:00,0.12334868299999999,508.6,131.2
04:35:00,0.1322233928,486.0,134.4
04:36:00,0.1143552602,501.6,126.4
04:37:00,0.12462547399999999,490.8,131.8
04:38:00,0.118563028,524.2,140.6
04:39:00,0.12409039100000001,527.0,138.0
04:40:00,0.119673968,507.8,142.0
04:41:00,0.1175302892,490.2,125.6
04:42:00,0.116716322,524.6,135.8
04:43:00,0.11470860199999999,568.2,145.0
04:44:00,0.11030643,535.6,132.2
04:45:00,0.144997168,541.8,140.0
04:46:00,0.14781341,570.6,151.2
04:47:00,0.12168496520000001,571.6,147.2
04:48:00,0.14287492000000002,577.0,153.4
04:49:00,0.11630862680000001,553.6,144.0
04:50:00,0.13129111599999999,541.6,141.4
04:51:00,0.11791290300000001,512.8,139.2
04:52:00,0.118919672,554.6,142.2
04:53:00,0.14948014599999998,596.8,159.6
04:54:00,0.12878717680000001,571.0,153.0
04:55:00,0.12309329919999998,550.4,148.2
04:56:00,0.128834411,575.0,153.4
04:57:00,0.1356844392,595.8,155.6
04:58:00,0.11321461719999999,576.8,140.8
04:59:00,0.154952166,609.2,155.4
05:00:00,0.183943392,616.4,174.4
05:01:00,0.159047736,669.8,183.2
05:02:00,0.1539728,613.4,178.4
05:03:00,0.1418623892,607.0,164.6
05:04:00,0.1530881268,626.6,166.6
05:05:00,0.153672122,590.8,162.4
05:06:00,0.13062142699999998,566.2,159.6
05:07:00,0.13926438500000002,626.2,164.6
05:08:00,0.149212128,641.8,179.8
05:09:00,0.1566601108,666.0,170.2
05:10:00,0.141625267,665.8,168.6
05:11:00,0.1518562452,689.4,179.0
05:12:00,0.12827244100000001,598.2,152.2
05:13:00,0.12806035799999999,623.2,172.0
05:14:00,0.160288714,649.4,169.6
05:15:00,0.1447290748,656.6,178.6
05:16:00,0.150901386,646.4,175.8
05:17:00,0.156446618,690.0,182.8
05:18:00,0.16906163400000002,717.2,194.2
05:19:00,0.14706737,648.6,177.0
05:20:00,0.13947930999999997,668.2,179.4
05:21:00,0.141682626,673.2,173.6
05:22:00,0.17389536,679.0,194.2
05:23:00,0.15704217319999997,628.8,170.8
05:24:00,0.1240337148,630.4,167.2
05:25:00,0.132459224,643.2,164.8
05:26:00,0.15416307099999998,736.8,186.2
05:27:00,0.168085392,710.8,195.4
05:28:00,0.155154846,690.0,201.6
05:29:00,0.13735749,683.6,194.2
05:30:00,0.14988799,636.6,171.2
05:31:00,0.13615253,665.2,162.0
05:32:00,0.195452564,712.0,194.8
05:33:00,0.155426346,709.8,198.4
05:34:00,0.158477662,687.8,196.2
05:35:00,0.178073756,731.4,210.0
05:36:00,0.15660593679999998,703.2,210.8
05:37:00,0.18343294599999999,713.6,200.6
05:38:00,0.16381148080000002,681.8,189.6
05:39:00,0.17213185800000003,752.6,200.8
05:40:00,0.1444726628,721.8,198.6
05:41:00,0.176541546,764.8,204.4
05:42:00,0.13579607700000002,766.6,188.0
05:43:00,0.16470694800000002,786.2,226.4
05:44:00,0.142953786,741.0,198.4
05:45:00,0.13395320700000002,680.6,188.0
05:46:00,0.138525374,693.2,183.8
05:47:00,0.157388076,675.4,190.4
05:48:00,0.1299709536,696.6,176.0
05:49:00,0.140121897,710.0,183.2
05:50:00,0.12957422400000002,721.2,191.8
05:51:00,0.13540007999999998,685.2,179.0
05:52:00,0.151567736,725.8,201.4
05:53:00,0.13431688000000003,681.6,177.6
05:54:00,0.134933159,693.2,172.8
05:55:00,0.129791704,715.0,184.4
05:56:00,0.1483817228,674.8,188.2
05:57:00,0.177567384,724.4,200.4
05:58:00,0.129785405,724.2,185.6
05:59:00,0.15842269920000002,744.6,197.4
06:00:00,0.167086884,717.4,189.8
06:01:00,0.20939543799999996,751.8,218.6
06:02:00,0.201013124,842.6,228.8
06:03:00,0.19678594499999996,780.8,200.0
06:04:00,0.19794652,829.0,223.0
06:05:00,0.1784155088,817.4,216.6
06:06:00,0.204262232,786.4,213.0
06:07:00,0.184460962,872.0,225.6
06:08:00,0.18352828,856.2,227.8
06:09:00,0.248648274,934.0,263.6
06:10:00,0.19035918599999999,882.4,249.8
06:11:00,0.193870558,942.0,248.0
06:12:00,0.211062814,902.6,239.2
06:13:00,0.15948189000000002,871.0,222.0
06:14:00,0.17510909999999996,906.6,232.4
06:15:00,0.229248326,961.2,269.0
06:16:00,0.1698342548,877.0,232.0
06:17:00,0.17580951299999997,876.4,227.4
06:18:00,0.188627446,960.6,249.6
06:19:00,0.18324590000000002,918.0,248.0
06:20:00,0.180292485,917.6,237.6
06:21:00,0.19098143799999998,958.8,258.6
06:22:00,0.21048472800000004,991.0,269.8
06:23:00,0.170769312,895.2,230.0
06:24:00,0.19379697599999998,967.0,245.8
06:25:00,0.18049390599999998,938.4,238.2
06:26:00,0.193267236,886.2,237.2
06:27:00,0.17742865800000002,871.8,213.0
06:28:00,0.18172919999999998,848.6,224.2
06:29:00,0.192384678,901.2,233.0
06:30:00,0.170258822,844.0,216.4
06:31:00,0.14639323,836.2,214.8
06:32:00,0.20004258,930.8,249.2
06:33:00,0.17490198399999998,846.0,218.0
06:34:00,0.18049794400000002,868.4,244.0
06:35:00,0.16364945000000003,911.8,221.8
06:36:00,0.16419220799999998,801.0,210.0
06:37:00,0.21602784800000002,876.6,220.6
06:38:00,0.141576053,786.2,198.0
06:39:00,0.151647566,870.4,215.6
06:40:00,0.1364904672,834.6,203.4
06:41:00,0.14510621,866.2,208.8
06:42:00,0.15389761200000002,835.8,202.4
06:43:00,0.15524405,819.4,205.4
06:44:00,0.171544196,857.4,226.6
06:45:00,0.152594284,803.4,205.4
06:46:00,0.13543661300000004,757.2,197.4
06:47:00,0.124391263,736.0,181.0
06:48:00,0.13703288100000002,764.4,190.2
06:49:00,0.18016761,777.8,202.0
06:50:00,0.154730996,823.2,209.2
06:51:00,0.154266454,769.8,198.4
06:52:00,0.14474650799999997,795.2,205.4
06:53:00,0.124517196,746.0,181.2
06:54:00,0.168344596,791.0,206.2
06:55:00,0.12674265,786.4,183.8
06:56:00,0.1261761672,736.2,175.0
06:57:00,0.125064062,742.8,182.6
06:58:00,0.15663675319999998,771.8,204.6
06:59:00,0.134749132,743.0,173.8
07:00:00,0.14219882999999997,799.0,196.8
07:01:00,0.15121824700000003,781.2,191.4
07:02:00,0.141837822,755.2,193.4
07:03:00,0.14487278799999997,749.2,190.2
07:04:00,0.13358055200000002,788.4,193.6
07:05:00,0.130970792,779.8,194.0
07:06:00,0.132981684,716.6,186.0
07:07:00,0.14877683400000002,718.8,175.2
07:08:00,0.145314556,699.0,178.8
07:09:00,0.13486159199999997,712.8,183.2
07:10:00,0.137883767,706.2,192.0
07:11:00,0.12455626500000001,675.6,176.4
07:12:00,0.123767165,666.0,161.4
07:13:00,0.13469567000000002,703.6,178.8
07:14:00,0.12012566200000001,701.8,174.4
07:15:00,0.13552065900000002,667.8,185.6
07:16:00,0.12145299920000001,705.2,175.8
07:17:00,0.1204750032,700.4,172.6
07:18:00,0.10982228999999999,685.0,156.2
07:19:00,0.10941051799999998,629.0,145.2
07:20:00,0.10123303700000001,617.0,151.0
07:21:00,0.12119624,647.2,170.6
07:22:00,0.115120114,622.6,153.4
07:23:00,0.09657934300000001,588.2,144.8
07:24:00,0.13476218599999998,704.8,183.8
07:25:00,0.0969838618,664.8,156.4
07:26:00,0.108896188,712.4,163.8
07:27:00,0.117193814,679.6,164.2
07:28:00,0.13269431299999998,674.4,183.8
07:29:00,0.10158837520000001,654.6,167.6
07:30:00,0.10755702680000001,607.6,150.8
07:31:00,0.099501129,592.2,153.2
07:32:00,0.11220944520000001,620.2,163.4
07:33:00,0.113755876,674.2,155.2
07:34:00,0.10713600279999999,671.8,157.2
07:35:00,0.13469701080000002,682.6,172.2
07:36:00,0.108803278,661.8,161.0
07:37:00,0.117521413,664.6,175.4
07:38:00,0.116429211,633.8,162.8
07:39:00,0.101278544,607.6,153.2
07:40:00,0.11354384,682.8,161.4
07:41:00,0.11462622199999999,609.2,160.2
07:42:00,0.1348484612,669.2,180.2
07:43:00,0.13061173199999998,668.4,181.0
07:44:00,0.12345411399999999,625.6,170.6
07:45:00,0.12363265000000001,595.2,165.6
07:46:00,0.129385434,678.0,178.2
07:47:00,0.107654378,607.4,158.6
07:48:00,0.119025626,641.4,175.6
07:49:00,0.1333712562,664.0,194.4
07:50:00,0.117354954,629.2,163.4
07:51:00,0.1388849812,680.6,178.6
07:52:00,0.16727196800000002,742.8,198.8
07:53:00,0.129592989,667.2,167.4
07:54:00,0.11177005979999999,617.2,158.0
07:55:00,0.132386164,640.2,165.8
07:56:00,0.120026524,662.6,164.6
07:57:00,0.110765936,630.4,160.0
07:58:00,0.108917022,681.6,159.8
07:59:00,0.10214027,602.2,153.8
08:00:00,0.11344472720000001,553.4,148.8
08:01:00,0.0943683242,556.8,135.4
08:02:00,0.10121364599999998,577.0,139.2
08:03:00,0.11557157599999998,626.8,158.2
08:04:00,0.096432746,608.4,150.2
08:05:00,0.1156224288,600.0,154.2
08:06:00,0.1082446792,665.8,168.8
08:07:00,0.11613364699999999,647.6,164.6
08:08:00,0.09665525159999999,649.0,157.4
08:09:00,0.09927994400000001,621.0,144.6
08:10:00,0.104758028,652.4,158.6
08:11:00,0.12579811400000002,635.0,161.8
08:12:00,0.1336440508,626.2,159.0
08:13:00,0.11269495660000002,605.8,142.0
08:14:00,0.100168148,571.2,141.2
08:15:00,0.1080154468,646.2,164.2
08:16:00,0.112393663,649.4,165.8
08:17:00,0.1260967198,679.8,177.6
08:18:00,0.1171571078,653.2,172.2
08:19:00,0.10922241399999999,571.6,148.8
08:20:00,0.105789979,633.4,156.6
08:21:00,0.10224183719999999,609.2,146.0
08:22:00,0.11529933799999999,591.0,140.8
08:23:00,0.1001365922,635.2,158.0
08:24:00,0.102036536,625.2,150.8
08:25:00,0.0999166376,659.2,150.0
08:26:00,0.12781022,622.6,163.0
08:27:00,0.0949242948,560.6,137.2
08:28:00,0.11402916599999999,577.6,155.0
08:29:00,0.1026809748,605.0,147.8
08:30:00,0.1016826976,574.4,143.0
08:31:00,0.10701713540000002,583.2,148.4
08:32:00,0.09984227720000001,609.4,155.8
08:33:00,0.0974118128,541.8,134.8
08:34:00,0.12571359399999998,665.6,164.2
08:35:00,0.1004472708,584.2,142.0
08:36:00,0.1045636496,628.8,144.0
08:37:00,0.10464177999999999,620.4,140.0
08:38:00,0.13552473,620.6,170.8
08:39:00,0.122706366,610.6,162.0
08:40:00,0.09925173000000001,538.6,124.6
08:41:00,0.10250113359999999,595.0,143.2
08:42:00,0.115926445,594.8,163.8
08:43:00,0.096734854,591.6,147.0
08:44:00,0.11408535499999999,614.0,166.0
08:45:00,0.089657018,563.8,135.8
08:46:00,0.111282021,629.4,149.0
08:47:00,0.10878790199999999,571.2,139.2
08:48:00,0.13976349100000002,570.2,157.4
08:49:00,0.15042232500000002,665.8,168.6
08:50:00,0.12461891200000001,588.8,150.4
08:51:00,0.135470996,628.4,162.2
08:52:00,0.11584197900000001,562.8,151.8
08:53:00,0.1068232912,548.2,136.2
08:54:00,0.1014561228,520.0,133.6
08:55:00,0.112843903,591.4,141.0
08:56:00,0.1326373602,587.0,142.6
08:57:00,0.1000493348,554.0,138.8
08:58:00,0.10060543,525.4,128.2
08:59:00,0.09994909760000001,555.8,129.8
09:00:00,0.1385447812,565.8,155.8
09:01:00,0.11185643919999999,534.8,141.8
09:02:00,0.124949648,556.8,157.2
09:03:00,0.10917175500000001,555.6,141.8
09:04:00,0.125489676,549.8,156.2
09:05:00,0.10764973260000002,567.8,146.6
09:06:00,0.1359577272,578.4,168.6
09:07:00,0.13453013519999998,569.8,152.0
09:08:00,0.11669074799999998,525.6,132.6
09:09:00,0.100978164,523.0,135.8
09:10:00,0.103063188,598.8,141.0
09:11:00,0.12306672600000002,641.4,152.6
09:12:00,0.10628339100000002,560.4,142.6
09:13:00,0.117990654,609.2,150.2
09:14:00,0.11989023800000001,586.0,146.2
09:15:00,0.11442865979999998,582.2,133.2
09:16:00,0.11259137599999999,584.6,146.0
09:17:00,0.134070654,628.6,166.4
09:18:00,0.1156214932,573.6,155.6
09:19:00,0.10988780999999999,577.0,147.2
09:20:00,0.116784731,566.6,155.6
09:21:00,0.11946946680000001,541.6,132.8
09:22:00,0.129636723,559.8,142.6
09:23:00,0.13236315199999998,556.4,148.0
09:24:00,0.12353024399999998,578.4,159.4
09:25:00,0.10988159719999999,516.4,142.0
09:26:00,0.10488116779999998,554.6,142.2
09:27:00,0.12773637399999999,553.8,152.6
09:28:00,0.1232139662,591.0,155.2
09:29:00,0.11479931300000001,643.2,171.8
09:30:00,0.125332591,642.0,171.4
09:31:00,0.11467191400000001,604.6,150.0
09:32:00,0.1218962954,600.2,154.2
09:33:00,0.1314075192,597.8,164.6
09:34:00,0.136262689,622.4,163.0
09:35:00,0.12774780400000002,584.4,152.2
09:36:00,0.126831212,600.6,159.6
09:37:00,0.13626838,629.6,163.6
09:38:00,0.11422200600000001,601.6,141.8
09:39:00,0.1137056008,605.6,155.2
09:40:00,0.11700788199999998,592.2,160.6
09:41:00,0.0896921252,540.0,126.4
09:42:00,0.12528393600000004,599.0,153.2
09:43:00,0.11761596220000001,564.6,147.2
09:44:00,0.114738072,610.0,150.4
09:45:00,0.11657806799999999,617.4,147.2
09:46:00,0.11190598600000001,617.6,149.2
09:47:00,0.12255599799999999,634.0,163.6
09:48:00,0.123846788,576.6,145.8
09:49:00,0.12310309800000001,614.8,176.4
09:50:00,0.121595767,668.4,170.6
09:51:00,0.0961058164,568.6,133.8
09:52:00,0.11253576140000002,576.6,146.6
09:53:00,0.098261818,563.6,148.0
09:54:00,0.0918483246,567.4,128.6
09:55:00,0.119003868,621.8,140.8
09:56:00,0.111019844,607.8,148.4
09:57:00,0.11354178379999999,652.6,156.4
09:58:00,0.0982116048,595.4,142.0
09:59:00,0.136462154,581.2,149.8
10:00:00,0.1375863612,614.2,167.6
10:01:00,0.146199132,697.2,193.6
10:02:00,0.12140040399999999,639.4,148.8
10:03:00,0.12332007,638.2,157.4
10:04:00,0.127506976,622.4,167.6
10:05:00,0.12322170299999999,605.2,161.0
10:06:00,0.1287074768,670.2,161.8
10:07:00,0.12959694500000002,661.2,177.6
10:08:00,0.12111652799999999,667.2,176.0
10:09:00,0.1255195628,655.0,160.4
10:10:00,0.12470639000000001,629.6,148.0
10:11:00,0.09910266479999999,597.2,138.6
10:12:00,0.11850744399999999,606.2,162.0
10:13:00,0.1169506548,607.6,146.6
10:14:00,0.123248749,631.0,160.6
10:15:00,0.11290222400000001,642.6,173.8
10:16:00,0.1343690328,657.6,169.4
10:17:00,0.11858107920000001,638.2,163.4
10:18:00,0.13307375,696.2,172.6
10:19:00,0.11464941000000002,681.2,165.8
10:20:00,0.12949533600000002,684.2,172.8
10:21:00,0.11983807319999999,715.2,159.8
10:22:00,0.136562154,740.4,186.6
10:23:00,0.12278678200000001,733.2,168.2
10:24:00,0.1344197232,723.0,190.6
10:25:00,0.132521405,710.0,165.4
10:26:00,0.134902574,667.6,158.4
10:27:00,0.144799948,694.6,184.4
10:28:00,0.128871334,671.0,175.2
10:29:00,0.1190454124,714.2,173.0
10:30:00,0.12959085099999998,725.0,168.0
10:31:00,0.14434892800000002,738.2,187.0
10:32:00,0.13244004920000002,731.0,186.0
10:33:00,0.144476996,814.6,203.0
10:34:00,0.15775402,772.2,199.0
10:35:00,0.14575051,841.2,217.4
10:36:00,0.1537195408,817.4,198.6
10:37:00,0.12754389500000002,722.2,181.0
10:38:00,0.1340860382,760.4,186.0
10:39:00,0.11652942260000002,699.2,162.6
10:40:00,0.137045646,761.6,182.4
10:41:00,0.138052446,784.2,182.6
10:42:00,0.1253682808,805.6,192.4
10:43:00,0.135874727,808.6,204.0
10:44:00,0.0974715238,733.0,161.2
10:45:00,0.12630300600000002,729.2,169.4
10:46:00,0.138671022,709.4,180.4
10:47:00,0.1336742562,778.4,191.0
10:48:00,0.137664669,773.2,181.2
10:49:00,0.142169338,781.0,188.0
10:50:00,0.11064204640000001,695.2,168.8
10:51:00,0.118477554,721.2,168.0
10:52:00,0.122501028,741.6,183.6
10:53:00,0.13283457199999998,724.6,187.4
10:54:00,0.13086433479999998,712.2,167.6
10:55:00,0.131580008,719.4,182.0
10:56:00,0.1508601734,750.0,188.2
10:57:00,0.139251603,710.8,193.6
10:58:00,0.146888853,697.8,175.4
10:59:00,0.11797952199999999,661.6,183.2
11:00:00,0.135590296,695.0,196.2
11:01:00,0.1252650072,686.0,186.0
11:02:00,0.1347908126,691.2,189.8
11:03:00,0.13815529099999999,717.8,199.4
11:04:00,0.122102982,745.2,199.8
11:05:00,0.15467610199999998,719.8,201.2
11:06:00,0.1353699592,734.2,197.6
11:07:00,0.14853330599999998,758.0,214.6
11:08:00,0.116226516,697.6,190.6
11:09:00,0.148659264,767.8,206.2
11:10:00,0.122295236,680.6,184.0
11:11:00,0.151953582,706.6,193.0
11:12:00,0.12891839480000003,729.8,175.4
11:13:00,0.168623968,726.0,216.8
11:14:00,0.1437831792,687.6,195.6
11:15:00,0.1245141388,695.8,196.8
11:16:00,0.12331696880000002,732.2,188.0
11:17:00,0.1314225,734.0,208.2
11:18:00,0.13829410920000001,739.6,208.4
11:19:00,0.12721850099999998,681.6,181.8
11:20:00,0.1120065112,685.6,177.2
11:21:00,0.1380411918,735.4,200.6
11:22:00,0.12969684880000001,709.6,187.4
11:23:00,0.125360545,804.8,213.8
11:24:00,0.1278002668,839.0,217.6
11:25:00,0.123366656,806.8,217.8
11:26:00,0.158397478,803.2,211.2
11:27:00,0.1347116964,815.6,211.4
11:28:00,0.1266589802,836.6,224.8
11:29:00,0.128845376,779.2,208.8
11:30:00,0.126579614,823.4,208.0
11:31:00,0.126221276,817.8,208.2
11:32:00,0.152001726,837.8,221.8
11:33:00,0.11996712400000002,724.4,182.0
11:34:00,0.11826244059999999,758.6,195.4
11:35:00,0.1398292828,785.0,200.4
11:36:00,0.1113178346,763.4,200.4
11:37:00,0.11074430199999999,747.8,184.8
11:38:00,0.1179086716,738.2,195.0
11:39:00,0.1158551498,745.8,199.2
11:40:00,0.1081697572,760.6,202.2
11:41:00,0.12482582599999999,738.0,193.0
11:42:00,0.120901818,788.4,206.6
11:43:00,0.1169865572,783.6,199.6
11:44:00,0.111922608,760.8,201.2
11:45:00,0.0932815876,709.4,185.0
11:46:00,0.10079093000000001,726.6,179.2
11:47:00,0.118422647,726.4,180.4
11:48:00,0.117436447,704.8,190.2
11:49:00,0.127558586,692.6,182.6
11:50:00,0.12548598900000002,739.6,194.0
11:51:00,0.11721884080000003,727.4,199.0
11:52:00,0.1285211086,785.8,212.4
11:53:00,0.133832534,756.4,208.2
11:54:00,0.118880811,714.2,178.6
11:55:00,0.12555989,749.6,202.8
11:56:00,0.140015502,745.2,214.8
11:57:00,0.1289290824,760.4,202.4
11:58:00,0.12478805200000001,747.0,197.4
11:59:00,0.11637323199999998,718.8,181.8
12:00:00,0.1327713968,660.8,179.6
12:01:00,0.12027823099999999,639.8,179.8
12:02:00,0.10595549279999998,668.4,177.0
12:03:00,0.12076587600000002,675.8,192.2
12:04:00,0.10652187099999999,639.0,178.6
12:05:00,0.11869230880000001,662.2,178.6
12:06:00,0.10228665519999999,613.6,156.8
12:07:00,0.105975083,646.2,168.8
12:08:00,0.1313208128,669.4,189.2
12:09:00,0.09945005459999999,643.8,158.8
12:10:00,0.100658625,607.8,170.4
12:11:00,0.116804979,616.4,165.6
12:12:00,0.10455672280000002,535.2,152.8
12:13:00,0.10426057200000001,659.0,163.2
12:14:00,0.12278596,640.2,174.0
12:15:00,0.10835599519999999,647.6,181.2
12:16:00,0.1014117394,616.4,168.8
12:17:00,0.106291829,623.2,172.6
12:18:00,0.09816177220000001,566.0,150.0
12:19:00,0.0966753598,607.0,156.6
12:20:00,0.097260886,603.4,168.2
12:21:00,0.0901994542,626.6,162.8
12:22:00,0.10077090479999999,643.2,180.8
12:23:00,0.1098453144,642.8,174.2
12:24:00,0.11998494500000001,692.6,184.8
12:25:00,0.11102470100000002,653.4,174.8
12:26:00,0.0955996236,646.8,167.4
12:27:00,0.11062698960000002,667.6,170.2
12:28:00,0.0929584442,635.8,159.6
12:29:00,0.1075759226,689.4,203.8
12:30:00,0.1138858952,682.2,191.6
12:31:00,0.1003743466,660.4,186.4
12:32:00,0.10288378120000001,648.2,174.8
12:33:00,0.10306428320000001,671.8,183.8
12:34:00,0.11876036400000001,711.4,198.6
12:35:00,0.10163182379999999,639.4,170.2
12:36:00,0.096203517,647.0,168.8
12:37:00,0.10740092400000001,650.8,184.4
12:38:00,0.09239388400000001,612.8,167.8
12:39:00,0.1171135912,640.0,175.6
12:40:00,0.0806874994,565.6,145.6
12:41:00,0.10116336699999999,574.2,152.2
12:42:00,0.11836008899999999,560.8,156.8
12:43:00,0.110382292,604.0,166.8
12:44:00,0.09547237880000001,561.6,161.2
12:45:00,0.088237997,598.2,153.6
12:46:00,0.110716789,653.4,169.0
12:47:00,0.1025617156,614.2,168.0
12:48:00,0.0907022682,601.0,164.4
12:49:00,0.09557039819999999,575.6,146.8
12:50:00,0.08970199679999999,558.0,139.6
12:51:00,0.088952748,582.6,152.2
12:52:00,0.0841271482,543.8,136.4
12:53:00,0.10739072699999999,622.8,165.2
12:54:00,0.08705679940000001,643.0,161.8
12:55:00,0.11832392299999998,668.8,176.8
12:56:00,0.09691158120000001,676.0,173.4
12:57:00,0.08948446080000001,654.8,179.2
12:58:00,0.0985338602,706.6,184.6
12:59:00,0.11498407,699.8,183.4
13:00:00,0.1356323248,738.2,211.4
13:01:00,0.1252529336,686.4,193.2
13:02:00,0.1032238328,665.2,184.4
13:03:00,0.0992333472,629.2,178.2
13:04:00,0.11192777759999999,712.0,208.0
13:05:00,0.1205090852,731.2,200.2
13:06:00,0.10587228600000001,688.8,186.4
13:07:00,0.140855232,707.6,203.6
13:08:00,0.10345432799999998,694.2,190.0
13:09:00,0.131841396,690.0,205.2
13:10:00,0.14432915400000002,733.0,214.6
13:11:00,0.12417567519999999,686.0,199.0
13:12:00,0.1132240806,706.6,185.2
13:13:00,0.112236378,640.2,175.0
13:14:00,0.122982126,617.0,161.0
13:15:00,0.11668405999999998,669.6,189.0
13:16:00,0.108263713,716.6,193.6
13:17:00,0.114094124,667.0,178.0
13:18:00,0.1121203462,686.6,192.0
13:19:00,0.1131474592,697.8,189.2
13:20:00,0.1113641496,695.0,185.0
13:21:00,0.115120158,643.0,168.6
13:22:00,0.11639993600000001,697.6,200.4
13:23:00,0.10430301280000001,687.4,181.6
13:24:00,0.13885708400000002,727.2,205.2
13:25:00,0.128072173,698.4,194.0
13:26:00,0.10370851880000001,694.2,190.0
13:27:00,0.08700404479999999,665.4,171.2
13:28:00,0.08902170340000001,680.2,168.2
13:29:00,0.10744237939999998,636.6,177.6
13:30:00,0.0921368646,638.4,167.2
13:31:00,0.10682976920000001,687.4,184.8
13:32:00,0.08522681000000001,658.6,155.0
13:33:00,0.111547482,742.8,194.2
13:34:00,0.10685426999999999,707.2,180.0
13:35:00,0.0983150508,640.8,162.0
13:36:00,0.096416364,652.4,163.8
13:37:00,0.08776425539999999,676.8,181.8
13:38:00,0.11182595879999999,700.0,189.8
13:39:00,0.09416771600000001,681.8,189.8
13:40:00,0.100137433,633.2,174.2
13:41:00,0.090709044,646.6,167.6
13:42:00,0.08153886699999999,699.6,179.2
13:43:00,0.08648318299999999,703.6,162.6
13:44:00,0.09133786799999999,654.2,176.6
13:45:00,0.09242869000000001,677.0,183.2
13:46:00,0.08400523680000001,599.8,161.8
13:47:00,0.0832656074,643.4,159.6
13:48:00,0.09113277040000001,635.6,159.6
13:49:00,0.0815840248,613.2,149.2
13:50:00,0.0927891632,656.4,160.8
13:51:00,0.09105666999999999,648.4,157.6
13:52:00,0.0947470728,617.0,160.6
13:53:00,0.0824888724,659.4,158.8
13:54:00,0.08751070479999999,663.6,158.2
13:55:00,0.079880785,633.4,140.4
13:56:00,0.08945152679999999,648.4,151.8
13:57:00,0.09236905399999999,705.6,168.0
13:58:00,0.094595925,595.2,150.2
13:59:00,0.0847969206,596.6,141.8
14:00:00,0.0767555612,573.8,146.0
14:01:00,0.08529951,591.0,150.4
14:02:00,0.0919134728,640.2,147.0
14:03:00,0.089620174,640.8,148.2
14:04:00,0.080276076,688.8,162.0
14:05:00,0.08335225660000001,713.4,160.2
14:06:00,0.092079785,689.2,172.0
14:07:00,0.10085107999999998,720.6,185.4
14:08:00,0.109140426,659.4,179.0
14:09:00,0.0966376506,679.8,170.8
14:10:00,0.0835218352,630.6,155.4
14:11:00,0.08130030399999999,613.4,141.6
14:12:00,0.08374798759999999,620.4,156.2
14:13:00,0.09263147159999999,563.6,151.2
14:14:00,0.09846658820000001,693.4,167.0
14:15:00,0.102898687,690.8,190.2
14:16:00,0.08782550060000001,678.2,165.6
14:17:00,0.09082012520000002,621.4,161.8
14:18:00,0.084899655,603.0,165.6
14:19:00,0.0972149406,618.2,153.0
14:20:00,0.07642614919999999,581.0,141.8
14:21:00,0.0672138996,583.2,137.6
14:22:00,0.0770819562,602.6,158.0
14:23:00,0.08027680200000001,577.2,160.4
14:24:00,0.1017594932,700.6,180.2
14:25:00,0.0973572406,622.4,172.2
14:26:00,0.1120914556,596.8,166.6
14:27:00,0.097244214,608.8,173.2
14:28:00,0.0845610636,588.6,154.6
14:29:00,0.0972890426,585.0,151.8
14:30:00,0.08570881319999998,576.2,157.6
14:31:00,0.0830424284,605.2,169.0
14:32:00,0.090697076,609.8,158.8
14:33:00,0.0720255034,553.6,148.4
14:34:00,0.068285758,603.8,148.0
14:35:00,0.0777075726,577.2,151.2
14:36:00,0.077236412,550.6,130.4
14:37:00,0.09379139800000001,645.2,157.2
14:38:00,0.0951933216,671.2,159.0
14:39:00,0.0898384898,563.0,142.6
14:40:00,0.08535014800000001,603.0,151.6
14:41:00,0.08646126380000001,587.0,143.4
14:42:00,0.0863069216,606.0,166.2
14:43:00,0.08486839700000001,567.0,146.4
14:44:00,0.08661126699999999,581.0,158.6
14:45:00,0.08425987,586.2,157.8
14:46:00,0.084225886,555.0,161.2
14:47:00,0.0790400744,545.4,137.6
14:48:00,0.09665676,588.8,156.0
14:49:00,0.0899040226,594.6,171.6
14:50:00,0.07543342480000001,555.6,139.6
14:51:00,0.0842595462,591.8,156.8
14:52:00,0.07012039140000001,577.6,148.2
14:53:00,0.08759858940000001,597.6,155.2
14:54:00,0.07989305300000002,537.0,139.6
14:55:00,0.0903300196,580.2,147.8
14:56:00,0.076654092,559.4,142.4
14:57:00,0.07959560880000001,538.0,138.6
14:58:00,0.07846545359999998,555.6,146.6
14:59:00,0.08280345339999999,595.8,143.8
15:00:00,0.080108868,555.2,150.8
15:01:00,0.07635537880000001,514.8,151.4
15:02:00,0.08961458200000001,571.0,159.2
15:03:00,0.0802105326,520.8,147.8
15:04:00,0.0836194714,533.0,157.8
15:05:00,0.09816934520000001,563.8,159.2
15:06:00,0.10608051199999999,595.2,162.4
15:07:00,0.0945376542,572.0,160.0
15:08:00,0.09141349600000001,602.2,165.0
15:09:00,0.0811449036,529.8,147.6
15:10:00,0.07256048600000001,515.0,147.8
15:11:00,0.0786058738,522.0,140.6
15:12:00,0.0972490928,562.4,152.8
15:13:00,0.0832853388,516.2,144.4
15:14:00,0.0593000318,417.0,116.6
15:15:00,0.081804549,501.8,136.4
15:16:00,0.0850781816,573.0,160.0
15:17:00,0.0760871664,543.8,143.6
15:18:00,0.086387087,578.8,168.8
15:19:00,0.0862564012,565.8,153.0
15:20:00,0.09040212,568.0,171.6
15:21:00,0.0950448942,570.8,178.6
15:22:00,0.0831562406,521.0,153.6
15:23:00,0.08722026000000001,585.0,171.4
15:24:00,0.0986487464,592.0,178.6
15:25:00,0.08626091220000001,573.6,151.2
15:26:00,0.08931979739999998,556.4,161.6
15:27:00,0.0785792322,561.6,159.0
15:28:00,0.10014850980000001,626.6,186.6
15:29:00,0.0921943132,563.2,166.2
15:30:00,0.09258798199999999,563.8,167.2
15:31:00,0.077789078,480.6,129.6
15:32:00,0.0638708966,508.6,129.4
15:33:00,0.07929443220000001,547.8,143.8
15:34:00,0.08065395119999999,567.0,142.8
15:35:00,0.0791243256,491.0,144.0
15:36:00,0.060689578,513.4,135.8
15:37:00,0.0799024016,530.4,156.8
15:38:00,0.08563304299999999,555.0,164.2
15:39:00,0.0837009992,552.8,147.0
15:40:00,0.09100569439999999,543.8,152.4
15:41:00,0.093664991,539.6,149.6
15:42:00,0.0990769848,543.6,162.4
15:43:00,0.0750501056,534.0,148.2
15:44:00,0.0711032782,555.4,143.4
15:45:00,0.0733460466,529.6,150.8
15:46:00,0.08041751659999999,519.4,148.6
15:47:00,0.083102545,560.0,152.8
15:48:00,0.08213533880000001,595.0,164.2
15:49:00,0.0673714936,514.2,132.0
15:50:00,0.10783884399999999,585.4,157.0
15:51:00,0.0987620352,583.8,167.4
15:52:00,0.10003873479999999,571.6,162.0
15:53:00,0.08735573960000001,591.6,161.0
15:54:00,0.0933599984,547.2,146.4
15:55:00,0.0848644506,582.0,144.0
15:56:00,0.08714618539999999,581.4,154.6
15:57:00,0.078879194,631.2,164.0
15:58:00,0.09000055,630.0,166.2
15:59:00,0.091299192,562.4,153.8
16:00:00,0.114327128,580.0,173.6
16:01:00,0.09085056999999999,514.2,140.2
16:02:00,0.0924182992,561.6,150.6
16:03:00,0.0844804012,510.4,145.8
16:04:00,0.10594359,613.2,193.6
16:05:00,0.0980019214,574.2,181.8
16:06:00,0.08661361999999999,588.2,178.4
16:07:00,0.11089611299999999,636.0,179.2
16:08:00,0.0786755616,521.0,145.6
16:09:00,0.09373691719999999,568.6,166.2
16:10:00,0.08589613599999998,570.0,158.0
16:11:00,0.09076606100000001,601.8,175.2
16:12:00,0.0923974262,560.0,169.0
16:13:00,0.08087644299999999,540.2,152.2
16:14:00,0.0784648044,523.0,142.8
16:15:00,0.0838390884,577.6,160.2
16:16:00,0.078475771,550.8,159.8
16:17:00,0.0826018786,580.0,163.4
16:18:00,0.0770779336,550.2,157.6
16:19:00,0.0885170854,588.4,171.8
16:20:00,0.07720896880000001,554.4,162.6
16:21:00,0.07037644600000001,490.2,151.8
16:22:00,0.093340109,606.0,185.0
16:23:00,0.095845243,559.4,168.8
16:24:00,0.0896860872,551.8,159.8
16:25:00,0.0856868132,602.6,170.2
16:26:00,0.0867417768,597.2,163.6
16:27:00,0.07303885260000001,538.6,153.0
16:28:00,0.0670606342,508.8,150.0
16:29:00,0.090718174,552.2,152.8
16:30:00,0.092482638,569.0,164.0
16:31:00,0.0867367048,580.6,167.0
16:32:00,0.090169309,596.8,163.6
16:33:00,0.0983833748,548.2,148.8
16:34:00,0.0928803512,562.4,157.8
16:35:00,0.09218706800000001,535.0,139.0
16:36:00,0.07973632020000002,579.8,154.8
16:37:00,0.07433842460000001,566.2,146.8
16:38:00,0.0770971412,543.4,144.2
16:39:00,0.0753766072,500.8,123.4
16:40:00,0.07935186479999999,551.8,144.8
16:41:00,0.0817172482,571.0,145.2
16:42:00,0.07387980400000001,534.6,142.0
16:43:00,0.08332410799999998,539.0,158.6
16:44:00,0.076887688,551.4,155.2
16:45:00,0.0695050594,563.0,141.6
16:46:00,0.0749083008,510.6,127.2
16:47:00,0.0776652548,512.6,126.2
16:48:00,0.0653967552,520.4,140.4
16:49:00,0.06858755920000001,527.2,143.2
16:50:00,0.076721476,539.8,150.0
16:51:00,0.0738902108,576.2,151.6
16:52:00,0.0647668152,534.8,141.4
16:53:00,0.07119639920000001,557.2,146.8
16:54:00,0.0761491968,547.8,151.2
16:55:00,0.0789474802,591.2,167.8
16:56:00,0.068440709,533.2,147.0
16:57:00,0.07857858399999999,574.2,157.4
16:58:00,0.0824716724,579.4,161.0
16:59:00,0.06991461680000001,509.6,144.6
17:00:00,0.0766294324,492.8,137.2
17:01:00,0.099752382,509.4,158.4
17:02:00,0.091103829,604.8,189.0
17:03:00,0.09394199119999999,595.0,183.0
17:04:00,0.0947934308,641.8,186.6
17:05:00,0.1070892864,706.4,212.8
17:06:00,0.10538194240000001,727.8,210.4
17:07:00,0.0959043284,711.6,208.6
17:08:00,0.10399300920000001,618.8,184.0
17:09:00,0.1110360472,663.6,199.0
17:10:00,0.10602203000000002,667.6,188.4
17:11:00,0.10107501199999999,660.2,191.0
17:12:00,0.11718832879999999,735.2,219.8
17:13:00,0.10988155800000002,790.8,218.0
17:14:00,0.103045988,748.4,225.0
17:15:00,0.10037568920000002,770.4,236.0
17:16:00,0.10529347879999999,747.0,216.8
17:17:00,0.11498909099999999,740.0,207.4
17:18:00,0.107948847,740.4,212.0
17:19:00,0.1036509762,695.6,210.8
17:20:00,0.113648123,802.0,248.4
17:21:00,0.12101778799999999,772.2,223.2
17:22:00,0.1195580642,771.2,224.6
17:23:00,0.1149560728,781.6,245.0
17:24:00,0.1343622348,852.2,276.2
17:25:00,0.13519497319999998,845.2,254.0
17:26:00,0.1280083608,862.8,270.6
17:27:00,0.11554028720000001,805.6,235.0
17:28:00,0.105892652,748.0,202.6
17:29:00,0.112440078,716.8,193.6
17:30:00,0.1109222718,803.4,225.2
17:31:00,0.105740757,721.2,205.6
17:32:00,0.11955822679999999,716.2,214.2
17:33:00,0.10626380719999999,751.4,223.6
17:34:00,0.11311017679999999,771.4,237.8
17:35:00,0.10665372879999999,676.8,219.6
17:36:00,0.1210451918,795.8,228.2
17:37:00,0.120005224,759.8,212.8
17:38:00,0.11207914999999999,792.6,223.8
17:39:00,0.107374087,791.2,226.4
17:40:00,0.10272625199999999,745.6,205.8
17:41:00,0.10835935000000001,788.0,220.2
17:42:00,0.0977766864,708.4,211.2
17:43:00,0.105110656,747.8,227.0
17:44:00,0.12268061079999999,758.8,217.4
17:45:00,0.10361535,754.2,202.6
17:46:00,0.10020331119999999,678.6,204.2
17:47:00,0.08671730000000001,701.6,188.6
17:48:00,0.10416742679999999,673.2,204.4
17:49:00,0.09988762679999999,698.6,198.6
17:50:00,0.09528029899999998,643.4,184.8
17:51:00,0.103490734,677.4,202.4
17:52:00,0.10022030239999999,691.2,196.0
17:53:00,0.0981324348,644.6,180.6
17:54:00,0.1004056262,700.4,202.2
17:55:00,0.11307056200000001,683.8,208.6
17:56:00,0.10863128179999999,650.8,198.8
17:57:00,0.0967984402,693.6,194.0
17:58:00,0.10090512020000002,762.2,210.6
17:59:00,0.0906580532,676.4,194.2
18:00:00,0.11011425140000002,691.6,213.6
18:01:00,0.0951892172,652.8,188.4
18:02:00,0.10544965400000002,727.0,223.0
18:03:00,0.10347845200000001,691.6,208.8
18:04:00,0.1207417448,738.2,218.0
18:05:00,0.097463962,677.8,196.4
18:06:00,0.101340175,626.0,184.8
18:07:00,0.100637695,634.2,188.4
18:08:00,0.111242599,649.0,200.4
18:09:00,0.112387788,610.2,201.4
18:10:00,0.09413948720000001,598.0,194.6
18:11:00,0.0982119292,676.8,202.8
18:12:00,0.10922945599999997,663.4,207.8
18:13:00,0.11725110320000001,682.4,213.8
18:14:00,0.10633283600000001,664.4,208.8
18:15:00,0.1098457612,657.4,196.2
18:16:00,0.09945408019999999,677.2,203.8
18:17:00,0.1107533412,640.6,192.6
18:18:00,0.12255800879999998,668.4,212.6
18:19:00,0.10888930999999999,662.8,199.2
18:20:00,0.0996427388,651.8,203.0
18:21:00,0.11861629599999998,721.0,228.8
18:22:00,0.10434352300000001,707.4,213.2
18:23:00,0.10958944200000001,674.8,197.2
18:24:00,0.1238877572,770.8,255.8
18:25:00,0.11993397920000001,701.6,228.8
18:26:00,0.11207714100000002,753.0,249.0
18:27:00,0.11403992599999999,755.8,235.2
18:28:00,0.11394438599999998,797.4,249.2
18:29:00,0.114981895,827.8,259.2
18:30:00,0.12590166,774.8,238.6
18:31:00,0.11370136500000001,844.0,254.0
18:32:00,0.11530966720000002,786.6,239.2
18:33:00,0.11192464360000001,842.0,247.2
18:34:00,0.1111721998,841.0,237.0
18:35:00,0.10782086100000002,819.2,246.4
18:36:00,0.104597478,801.0,237.4
18:37:00,0.1060941428,819.0,239.0
18:38:00,0.108218398,795.4,239.2
18:39:00,0.122288794,902.8,259.2
18:40:00,0.103562529,821.6,235.4
18:41:00,0.110949118,856.6,233.2
18:42:00,0.09079998399999999,804.0,219.4
18:43:00,0.1072680208,847.6,240.6
18:44:00,0.10896575,869.4,236.6
18:45:00,0.111181168,931.4,255.6
18:46:00,0.091323262,822.6,223.2
18:47:00,0.11210780599999999,871.0,254.8
18:48:00,0.0990293422,888.0,228.8
18:49:00,0.107335849,788.8,229.6
18:50:00,0.1091878512,843.6,232.4
18:51:00,0.10902105,830.6,229.8
18:52:00,0.091466845,750.8,197.6
18:53:00,0.105286878,796.4,224.0
18:54:00,0.11089581100000001,841.2,231.4
18:55:00,0.108439892,793.2,227.6
18:56:00,0.11023846200000001,844.6,246.0
18:57:00,0.1061060238,803.0,232.4
18:58:00,0.1007174314,775.6,215.8
18:59:00,0.09540206,679.8,192.4
19:00:00,0.11315626079999999,685.4,208.4
19:01:00,0.10365335,707.6,230.6
19:02:00,0.107876653,815.8,249.0
19:03:00,0.1195690476,833.8,253.6
19:04:00,0.10164095800000002,778.0,233.8
19:05:00,0.1005216668,760.8,227.6
19:06:00,0.0890604326,736.0,211.4
19:07:00,0.11172042700000002,798.8,252.6
19:08:00,0.121535082,763.0,236.8
19:09:00,0.11883795319999998,801.8,253.6
19:10:00,0.11125217999999999,822.4,241.4
19:11:00,0.1063611284,795.0,225.4
19:12:00,0.137862288,806.0,245.8
19:13:00,0.114405167,780.2,238.6
19:14:00,0.1117848508,787.8,245.6
19:15:00,0.1164530944,760.0,234.4
19:16:00,0.12483302999999998,751.8,239.6
19:17:00,0.11101276200000001,766.6,232.8
19:18:00,0.1168500124,828.2,255.6
19:19:00,0.11986869600000001,810.0,252.8
19:20:00,0.10869196300000002,776.4,236.8
19:21:00,0.098752946,755.8,226.4
19:22:00,0.0988832856,749.4,234.2
19:23:00,0.10744330999999999,776.2,237.8
19:24:00,0.10721203300000001,749.6,226.2
19:25:00,0.10305946800000002,800.2,233.2
19:26:00,0.1061682346,771.2,216.4
19:27:00,0.1106329412,822.4,256.0
19:28:00,0.10151826719999998,830.4,221.2
19:29:00,0.111895732,854.0,218.4
19:30:00,0.115509657,826.4,236.4
19:31:00,0.118349289,801.2,245.8
19:32:00,0.128335751,886.2,265.4
19:33:00,0.1136701872,833.6,245.2
19:34:00,0.12721961080000002,844.2,268.4
19:35:00,0.12057786399999999,878.0,262.6
19:36:00,0.1330130872,845.0,253.2
19:37:00,0.137604464,936.4,279.4
19:38:00,0.12167408400000002,877.0,271.8
19:39:00,0.11109290720000001,915.0,271.4
19:40:00,0.11078252800000002,875.6,265.8
19:41:00,0.1177279532,829.6,244.4
19:42:00,0.12189544320000001,917.8,268.2
19:43:00,0.09455838899999999,827.8,231.6
19:44:00,0.1105594794,859.6,239.6
19:45:00,0.11530911860000001,881.2,251.4
19:46:00,0.1146944996,911.4,266.8
19:47:00,0.1214880568,876.4,251.8
19:48:00,0.11099493200000002,864.6,257.0
19:49:00,0.10859838799999999,828.8,241.8
19:50:00,0.12436185079999999,789.8,221.8
19:51:00,0.1142001852,865.0,244.0
19:52:00,0.09196565200000001,770.2,210.2
19:53:00,0.11257002539999998,808.0,218.0
19:54:00,0.11692033760000001,817.0,221.6
19:55:00,0.1166710992,804.2,229.4
19:56:00,0.11177003599999998,810.0,229.0
19:57:00,0.115379838,824.6,246.8
19:58:00,0.09815976000000001,785.0,207.4
19:59:00,0.12290457580000003,856.6,237.4
20:00:00,0.113341918,746.4,227.0
20:01:00,0.09261125780000001,693.6,206.0
20:02:00,0.08870733280000001,746.6,231.8
20:03:00,0.108419552,736.0,227.8
20:04:00,0.1206328252,819.4,257.0
20:05:00,0.12196852440000001,801.0,245.4
20:06:00,0.1017177056,691.8,202.2
20:07:00,0.10727033379999999,762.8,218.6
20:08:00,0.0951782642,778.6,219.4
20:09:00,0.10314540540000001,754.4,219.8
20:10:00,0.1051042826,770.4,213.2
20:11:00,0.0906863964,703.8,212.6
20:12:00,0.10949716000000001,815.0,239.2
20:13:00,0.11184860300000002,773.2,236.4
20:14:00,0.09972521679999999,769.8,230.8
20:15:00,0.10800257799999999,888.0,253.2
20:16:00,0.09804533539999999,847.0,235.0
20:17:00,0.09550702260000002,766.6,221.0
20:18:00,0.1048797504,828.2,231.4
20:19:00,0.11801548479999999,864.8,263.0
20:20:00,0.10663856860000001,804.4,236.0
20:21:00,0.1073404008,785.6,215.2
20:22:00,0.0945981206,789.2,221.4
20:23:00,0.1341176876,1646.8,481.8
20:24:00,0.1823765724,2600.4,719.0
20:25:00,0.1605866444,1924.2,583.6
20:26:00,0.196869127,1869.0,599.2
20:27:00,0.17061110000000002,1845.6,589.2
20:28:00,0.1845156854,1853.2,586.2
20:29:00,0.16155022079999998,1544.2,480.0
20:30:00,0.138969337,1331.2,400.0
20:31:00,0.12054373440000002,1224.8,365.6
20:32:00,0.12701637799999999,1142.8,344.4
20:33:00,0.11676270899999999,1034.2,309.4
20:34:00,0.111678261,1022.4,287.4
20:35:00,0.11164157000000001,998.0,299.8
20:36:00,0.1075831792,938.6,281.0
20:37:00,0.12280508099999998,1016.8,298.2
20:38:00,0.10805194199999998,996.8,289.6
20:39:00,0.1112856512,910.6,279.4
20:40:00,0.10430403399999999,894.0,271.2
20:41:00,0.11888842660000001,817.6,251.0
20:42:00,0.08371724,775.8,213.6
20:43:00,0.107558738,804.8,231.0
20:44:00,0.0971197466,828.6,239.8
20:45:00,0.103852371,874.6,256.0
20:46:00,0.1067333842,885.6,252.8
20:47:00,0.10566273200000001,865.2,252.4
20:48:00,0.076168077,840.6,197.4
20:49:00,0.08526392479999999,760.2,191.2
20:50:00,0.08178930300000001,784.6,195.8
20:51:00,0.0820277678,810.8,203.2
20:52:00,0.0987885892,832.0,186.8
20:53:00,0.086304483,802.0,186.0
20:54:00,0.08615998,801.0,201.2
20:55:00,0.07752732979999999,792.0,187.6
20:56:00,0.0933772198,759.6,192.0
20:57:00,0.07694673599999999,815.6,195.6
20:58:00,0.072361408,789.6,183.0
20:59:00,0.06980077180000001,818.8,198.8
21:00:00,0.0886227866,797.0,216.4
21:01:00,0.092756434,800.6,207.2
21:02:00,0.0820491042,690.2,183.8
21:03:00,0.08571901339999999,741.0,196.2
21:04:00,0.06991901019999999,722.2,186.8
21:05:00,0.08128025840000001,708.6,180.0
21:06:00,0.0808316062,721.6,176.8
21:07:00,0.07797885439999999,723.8,175.8
21:08:00,0.0900557122,747.8,201.4
21:09:00,0.104385624,803.2,212.6
21:10:00,0.0836006344,773.4,199.4
21:11:00,0.08458884879999999,704.8,177.2
21:12:00,0.091784555,746.8,206.6
21:13:00,0.08884030000000001,722.4,181.4
21:14:00,0.08503290020000001,655.8,166.8
21:15:00,0.0911194042,685.0,166.0
21:16:00,0.08493499959999999,689.4,180.8
21:17:00,0.07234690099999999,726.4,175.2
21:18:00,0.0818010986,728.2,192.4
21:19:00,0.07622430200000001,689.4,166.6
21:20:00,0.0829822412,693.8,164.4
21:21:00,0.073437148,650.0,165.0
21:22:00,0.076124106,717.2,160.0
21:23:00,0.08438247559999999,655.4,161.8
21:24:00,0.06803407560000001,600.0,144.0
21:25:00,0.0669279394,639.6,161.8
21:26:00,0.0665318742,633.0,162.8
21:27:00,0.08093872760000001,631.2,161.4
21:28:00,0.0720570326,545.2,135.0
21:29:00,0.0613766856,577.4,131.2
21:30:00,0.0543314536,613.2,140.2
21:31:00,0.082620265,995.4,223.2
21:32:00,0.1094653498,1294.4,307.6
21:33:00,0.098260846,1135.2,268.2
21:34:00,0.10350340519999998,1020.4,262.2
21:35:00,0.0946131724,895.4,232.2
21:36:00,0.09813175799999999,886.2,243.4
21:37:00,0.1097198804,805.2,239.4
21:38:00,0.1108188476,775.2,216.8
21:39:00,0.092334264,769.4,223.6
21:40:00,0.10012632499999999,810.8,234.2
21:41:00,0.0908778382,792.0,216.4
21:42:00,0.1008296608,757.4,217.6
21:43:00,0.10361815920000002,759.2,222.4
21:44:00,0.0993170372,760.8,221.6
21:45:00,0.10002958799999999,655.0,190.4
21:46:00,0.11424942919999999,712.6,203.2
21:47:00,0.095137918,702.6,204.0
21:48:00,0.0841510736,635.8,181.0
21:49:00,0.1009946512,645.0,187.8
21:50:00,0.08794660200000001,625.2,183.8
21:51:00,0.082780199,674.0,183.8
21:52:00,0.10013263859999999,717.8,187.0
21:53:00,0.10098006779999999,663.0,184.0
21:54:00,0.098290028,634.6,185.6
21:55:00,0.09666851800000001,676.6,185.0
21:56:00,0.0857034074,662.8,187.6
21:57:00,0.0885528406,580.0,172.4
21:58:00,0.10334839339999999,638.6,176.6
21:59:00,0.08528338980000001,583.8,164.0
22:00:00,0.116842276,615.4,187.8
22:01:00,0.10790874000000002,549.0,158.8
22:02:00,0.1396894708,556.8,160.4
22:03:00,0.1098027684,591.0,141.8
22:04:00,0.0862851734,485.2,124.4
22:05:00,0.09880419719999999,565.0,122.0
22:06:00,0.1284917422,604.0,139.4
22:07:00,0.1111699,571.8,141.0
22:08:00,0.089038954,472.2,116.8
22:09:00,0.07885479640000001,481.8,113.2
22:10:00,0.07470328140000002,458.8,94.4
22:11:00,0.06333951839999999,487.4,106.8
22:12:00,0.085927222,504.2,126.8
22:13:00,0.0736641544,435.8,106.2
22:14:00,0.08933846279999999,457.0,115.6
22:15:00,0.07957360799999999,445.0,116.4
22:16:00,0.0663827468,441.2,106.6
22:17:00,0.0630063444,417.6,98.2
22:18:00,0.059166192799999996,425.2,99.4
22:19:00,0.0684925358,391.4,102.8
22:20:00,0.11065905200000001,440.2,109.8
22:21:00,0.0771214388,462.0,118.0
22:22:00,0.0635405388,443.0,97.0
22:23:00,0.057094621199999994,367.2,88.6
22:24:00,0.048089655,377.0,79.4
22:25:00,0.052709836200000006,390.0,96.4
22:26:00,0.0656973212,415.8,106.4
22:27:00,0.0603585762,428.2,96.8
22:28:00,0.05364767260000001,442.8,100.0
22:29:00,0.0592454064,468.0,106.0
22:30:00,0.050572195,409.2,81.8
22:31:00,0.0467563888,423.2,85.4
22:32:00,0.060797807599999996,418.0,96.0
22:33:00,0.068670119,378.6,88.6
22:34:00,0.03845607560000001,390.4,82.6
22:35:00,0.0561058072,401.0,84.6
22:36:00,0.0513485344,393.2,86.0
22:37:00,0.05797212820000001,369.8,87.4
22:38:00,0.049804914,378.6,85.2
22:39:00,0.06326614159999999,409.2,99.6
22:40:00,0.0504205432,357.8,80.6
22:41:00,0.05399068619999999,359.0,93.8
22:42:00,0.059819107,361.0,91.4
22:43:00,0.0626899744,351.0,82.2
22:44:00,0.0526494636,349.2,85.6
22:45:00,0.055209572400000004,340.2,80.0
22:46:00,0.05887992200000001,356.6,84.8
22:47:00,0.0612192012,335.8,83.6
22:48:00,0.0526339084,342.2,77.8
22:49:00,0.059385744799999994,305.2,77.6
22:50:00,0.0602481732,330.6,85.6
22:51:00,0.0478433756,322.4,80.6
22:52:00,0.0514914644,314.8,80.2
22:53:00,0.06646656040000001,272.8,75.6
22:54:00,0.057272279,289.2,72.6
22:55:00,0.04256036319999999,264.0,59.2
22:56:00,0.045601661,276.8,67.0
22:57:00,0.061539058,259.2,71.8
22:58:00,0.0490026016,258.0,62.2
22:59:00,0.043275386799999996,235.4,65.2
23:00:00,0.0435745542,236.0,68.6
23:01:00,0.061087649200000003,255.0,68.2
23:02:00,0.041477947400000006,230.4,58.8
23:03:00,0.0504530326,228.8,58.8
23:04:00,0.0497618474,226.6,56.2
23:05:00,0.0400092754,234.2,56.8
23:06:00,0.037127531,246.2,65.2
23:07:00,0.03213845159999999,194.6,49.2
23:08:00,0.0435766706,203.4,63.6
23:09:00,0.0532270118,228.4,69.0
23:10:00,0.0381823982,238.6,59.8
23:11:00,0.042741375600000006,226.6,58.8
23:12:00,0.0400273254,207.2,52.8
23:13:00,0.033019700400000004,207.0,56.2
23:14:00,0.0400452652,252.0,66.8
23:15:00,0.0389682876,213.0,58.8
23:16:00,0.0457407914,264.6,76.6
23:17:00,0.045432107,235.2,68.6
23:18:00,0.0354566594,187.6,57.0
23:19:00,0.036106855199999996,220.0,54.6
23:20:00,0.042516682400000005,190.6,62.6
23:21:00,0.037139181800000004,201.2,55.0
23:22:00,0.036639725000000005,212.8,57.6
23:23:00,0.051871789,235.8,65.2
23:24:00,0.0385213392,216.6,56.8
23:25:00,0.0385689442,223.6,57.8
23:26:00,0.0388012534,204.8,59.0
23:27:00,0.0362446546,182.2,45.2
23:28:00,0.032650122999999996,197.4,53.8
23:29:00,0.0366386308,226.0,55.0
23:30:00,0.0281982244,180.2,42.8
23:31:00,0.033075176899999996,158.6,45.8
23:32:00,0.0429904948,194.2,59.8
23:33:00,0.027727239199999996,165.6,39.2
23:34:00,0.031921695,167.0,43.2
23:35:00,0.024649884000000004,145.6,40.6
23:36:00,0.038498402800000005,169.0,51.4
23:37:00,0.032066589599999994,146.4,45.6
23:38:00,0.0308102518,156.0,45.8
23:39:00,0.027226079199999996,145.0,44.8
23:40:00,0.024489810200000003,133.0,41.8
23:41:00,0.023132740699999998,143.0,35.8
23:42:00,0.035992702,163.6,44.4
23:43:00,0.0305438833,161.0,41.6
23:44:00,0.022786948699999997,126.2,32.6
23:45:00,0.0225366242,168.4,42.6
23:46:00,0.029759440000000005,183.6,46.6
23:47:00,0.0320999344,165.4,53.8
23:48:00,0.0248001188,155.6,40.4
23:49:00,0.023674152599999998,130.2,34.4
23:50:00,0.0303802142,159.8,47.0
23:51:00,0.028756801200000005,167.6,47.2
23:52:00,0.022678485,154.4,48.8
23:53:00,0.0205785894,132.2,40.4
23:54:00,0.030012331999999996,122.6,37.4
23:55:00,0.02681322346,139.0,37.4
23:56:00,0.026407932119999998,138.6,36.2
23:57:00,0.0297335892,145.8,44.8
23:58:00,0.028728024600000002,147.0,34.2
23:59:00,0.018700205640000002,130.4,26.8
